path	size_bytes	sha256
paired_order.csv	890	9c3f29f88cbe4fadd99f57bb6751a7d1fcd1d3ea1052fcd4f28be1d963f2b30f
paired_summary.json	9620	1b72c1c4db5e6079a99fee92aa078c91ebabfe0a406f7484020a2898229b8215
seed0001_A_baseline/config.json	781	5394d1091d911b63312a3f69412d8de2d8f8240943ee060ce12c6c40dc8b4594
seed0001_A_baseline/metrics.csv	158	1180d1c6cd088d36d84f6136da996adfe2def01048cdaea83e5cd2a10d93ca3b
seed0001_A_baseline/repro_metadata.json	4027	d244fc0a7a54be854b5af1d2c241c77589fcc89145ea29b0be40355f4506a38e
seed0001_A_baseline/summary.json	343	190651f56d5bd1d63dcdd6a843e3d7c6b7a6756f5a8cf3ffac3d5c8e654c036a
seed0001_A_baseline/warmup.json	256	f5e43120fb2dcdd6be5d6da09b45dab0d4cc2aa78e9930c53fbb459e92a48e94
seed0001_B_candidate/config.json	783	9f85a0cef513bfb77860c06cf1e3deb0e976ec6851882071e82f9b22139308c8
seed0001_B_candidate/metrics.csv	158	c90285838cedbe16883b00f53b2755d43c9d9bafdbf403455581a836db9e8315
seed0001_B_candidate/repro_metadata.json	4140	c438ccd08b7fb9443373f75fa55658c1b5a367e739f5c87a16801a1c9ea83959
seed0001_B_candidate/summary.json	346	e9e60e45adb7456dafa319b0892dbb0171d608fc34120ebd18e9d2f0bc3fc090
seed0001_B_candidate/warmup.json	258	9f37b48644a2036285d848d0156069e2b07acd46c62987ad8871b6691ec24361
seed0002_A_candidate/config.json	783	1e22a1960c308887459083b7aac5452855efc038ea73684fcc1794d6ee30d0c3
seed0002_A_candidate/metrics.csv	159	4a99d1c04b7636a2da5c5b530fa79fe0e71d64235d4cce1c50ed69b5bcc0cf7c
seed0002_A_candidate/repro_metadata.json	4140	6225356c337fa94d6f5916a9b1481ddf32dfd1b946309096c0bfa8346b514e7f
seed0002_A_candidate/summary.json	340	cba75050f563e79c0031e9bf555a8a69eea0a681bce56bd575bea37744e9ec1b
seed0002_A_candidate/warmup.json	260	367ac27aacb7d0eeaafb118dbb5de610e6ebb38620abb19aab05224090c58204
seed0002_B_baseline/config.json	781	f21c6c395433867f766f0c2fc24ac9939087f49e59e7d4fea6e2bb27f81c9028
seed0002_B_baseline/metrics.csv	158	645739fc94e02a170686538c0541fba8ea73bd60fdc283fb65a82245a28de1bd
seed0002_B_baseline/repro_metadata.json	4027	95e4808f5c26d53114d0de5e08c8f531af92a1dd19a0fe2292bf23b532f7b549
seed0002_B_baseline/summary.json	343	b0822149defd6b8a02e02e305e1e67d3cc688376df201225582a70867e7f6fd7
seed0002_B_baseline/warmup.json	257	7c7acaa67a938773dd922fbe82a09b6385bef16a1e0f58ea4c91441e1de15532
seed0003_A_baseline/config.json	781	c99ddb96d91f7cf1980b5bd1264c8dc6f9382824a7ed01d641a44d42d1207db5
seed0003_A_baseline/metrics.csv	162	6a755dbb9f8b6eaa9f4300017d530d4ae83df10e509af9eea83d0e04c81e0ae7
seed0003_A_baseline/repro_metadata.json	4027	b44e6b1b4be04636f03cc0d6845671ff90c4b1148deafd01fc87e5073ad394fa
seed0003_A_baseline/summary.json	346	452e7525c4adb1fed7009a80c32cdaa1332ec13bddb9f22a7e80ef56be067e0c
seed0003_A_baseline/warmup.json	258	3f58e04b573cca3a8a8ac1408c3e19efc5b6f53c4daf127ff1d4185d8d75075c
seed0003_B_candidate/config.json	783	318a71e96ba74c28914d78a100e56ba506e0aae1d4e2d7580518f836fe8914e8
seed0003_B_candidate/metrics.csv	162	d800e832a6dbdf6cf46d6a1ac0d59327efadee4a84e0ec4e06c7bfae72f59b40
seed0003_B_candidate/repro_metadata.json	4140	a4d823ffd1d467ea0109831a8dc7f073cd87ab5f35eefd97360a01ec1c4b3d49
seed0003_B_candidate/summary.json	346	60e77236a8f26a22b9e2b0d8c697a61feb085b7a04c5e69775e976ad3b2928cf
seed0003_B_candidate/warmup.json	256	a9dc581f38ce21ce3f5309487fd0688cd4180e9e2f7d35119637fbbfda45348c
seed0004_A_candidate/config.json	783	2d518664e07c61cca3afaaee86572d2bc061d70624a264d4e1603e16b7c76fd7
seed0004_A_candidate/metrics.csv	158	17e902a77dfec1a9b13ec82fc2fa2f1bafa3e6bb004983eda2297987bf56dc78
seed0004_A_candidate/repro_metadata.json	4140	3452e4b39ff87b91521cb49316e33e49897067c1d9b15f1477a1d1cbc609a3d5
seed0004_A_candidate/summary.json	346	a762bab891e244289f3ccf0aa3af52263d0b4321b4972e6689b288a46c56d6aa
seed0004_A_candidate/warmup.json	256	18d0e046c43952961e6ce1d032ce2def356fc1e9130fa407b5b8f2001ba8c084
seed0004_B_baseline/config.json	781	8208bee55d91ee0635d40b9e19dd61b57838a3f318fa16485faa8bb85e49c736
seed0004_B_baseline/metrics.csv	162	e27e54d879df4dc67fcd0070b12ad2f4c3d3f6f1d165240026b9762030d0b0d1
seed0004_B_baseline/repro_metadata.json	4027	9ca46a97465f8a8c3c2c5b68c52dd1e9ae36e8c4d46414472e5f02f33a5bc5e4
seed0004_B_baseline/summary.json	346	ac5c5f18ef1cb05dcd11b741ac238ae38d13dec57fab83eb2b95b5c239035f57
seed0004_B_baseline/warmup.json	257	5cdd6c9fd09ba949c43357c73c2ee5c5ca212ede08bdb81d2bb52da6ee75b061
seed0005_A_baseline/config.json	781	654e32e70751a3051d10ecf8179aa7c3fe25423055a1d469cc2b5fd06699c89f
seed0005_A_baseline/metrics.csv	155	12ec9c52af46c3d3fbf52bebdbd9604d608f3cb3f9fca1609c4e98c161804975
seed0005_A_baseline/repro_metadata.json	4027	ef7e44db25bee452f65764e05a9f73647689397d9f8cde11218314283b2b117f
seed0005_A_baseline/summary.json	346	cbeee13f9f63bf863709e0a7acf7e667bdc1c3a7f9a09a8f512726b07c184e83
seed0005_A_baseline/warmup.json	257	99be176a99c62c439d59854947f56486bf9e2bab183908380e64ce577b3d04b1
seed0005_B_candidate/config.json	783	560e8aa24926a2e46bff6dd01b8c4b8d2a8517406e75dfce93bbc1c11e8f156d
seed0005_B_candidate/metrics.csv	150	cf98edbf33b8e2eb4d9e267c2ed0ec324b0a89abb258cd8ecaac66364f4efb13
seed0005_B_candidate/repro_metadata.json	4140	30d24a3229fe749d18986df7bf59b5dd3f0d0e1039c5a2d28b8a6f48184397ae
seed0005_B_candidate/summary.json	346	602926840eb35ece7e39afb06e0aeee4c4d3e4e8eda39c5c3d58221e085ec624
seed0005_B_candidate/warmup.json	257	bc22b5d2e29f5265983094452bfde9429728b0ed217945b010f987ea62153c0b
seed0006_A_candidate/config.json	783	93db3ce73deed24a437b5bb65b520a2061059ff8c24058b6287eb2758a624efe
seed0006_A_candidate/metrics.csv	159	43e4461cf6f3392bf3f9cb52a7dd35f7fdc18ceaa6b6832243e3625cb25dc32a
seed0006_A_candidate/repro_metadata.json	4140	ac131b6dd0261199b14e72a6d517089427d4d6138e91e6e725c42b5e2a302286
seed0006_A_candidate/summary.json	346	e073355e2b5b5ee2639f15b8a6865713186169c3122f39d802420a15383a9197
seed0006_A_candidate/warmup.json	258	e8363c733aa1a5de854f9872ad0d59dbe20e2049a5e2313e018505cc822cf685
seed0006_B_baseline/config.json	781	87a4d080c73449bf2fb2f8df55aded63630ae96c9c8e0f9633fda46588644737
seed0006_B_baseline/metrics.csv	159	a2e3eb5f36f6ac1e9c561f4b0f791274938d654ea623bd295b4d00b896078d86
seed0006_B_baseline/repro_metadata.json	4027	e44aa3f7d310839f20e8357e526b9de939a5186f355f532d17b6e060785e2d7d
seed0006_B_baseline/summary.json	343	38e4bea2ff995667041ba793fc09c369ab0839ca13ad6e62ee31be4ff3c43e9f
seed0006_B_baseline/warmup.json	253	13dab70e29168e74086fe533e9d8f2a9fe707c0f7102f812e7cec68217451b3a
seed0007_A_baseline/config.json	781	2981860518f62f3816c8d950582432a4c77d04384f232733eb6f12b1402b01dc
seed0007_A_baseline/metrics.csv	159	65fd05e024e367e4bb29af581bbc07c65b47824b68f83356c48d81fa27688dc0
seed0007_A_baseline/repro_metadata.json	4027	db6eed6c42c27d24bbc1ee6e4bae002ae9b232cf4795df2eba4fef7dcccf3e11
seed0007_A_baseline/summary.json	340	ad175a34b542e67a1ef5a693b5f1c92d43417839b8ef71af5d626afdad890dc0
seed0007_A_baseline/warmup.json	255	99828940cb55743e190f7125f920ea5604300b6ebbecbd61d4d791e566769690
seed0007_B_candidate/config.json	783	27696eec70ba1562fc880dc8c21895e0d526ff35ac5459ac74e92af18f89e93d
seed0007_B_candidate/metrics.csv	158	b3fa5f3cf262c67632ce4466bbe563e9a50b1d030bfa77fa425590e6ff0890c0
seed0007_B_candidate/repro_metadata.json	4140	a1bf6694ad312861f45462f70bbcbcb69afc02d3772e81ec1a7f443a0e4fbdbf
seed0007_B_candidate/summary.json	343	f07c729046c1ab4bece41e31414c4b98a39efb78e0f9ea11ce59bb05b44367e7
seed0007_B_candidate/warmup.json	258	5e0e1878340b7ce45726450bfc2fda72afded718e85f5032386c35862a660cdb
seed0008_A_candidate/config.json	783	0b71c067080eeee1d423fa41b2d1df580a149d0008e48960678dda7a9e8da4a3
seed0008_A_candidate/metrics.csv	159	2f0681556113118bbcdd62cb47ad18dd6e98c4eba9ee39cf794503debb1276ea
seed0008_A_candidate/repro_metadata.json	4140	46c1f8186d558dd74fd52037184c47245e7b9e01ed83b86c5e2824429c9b761c
seed0008_A_candidate/summary.json	340	01e28a755e02b82a7e6d7c3a9456205800a3e14c79d8ba32de3dbe284bb27616
seed0008_A_candidate/warmup.json	257	cdfbea845238cea3f92618366dfe0a81d6cf7820ed7bc909947d8624ee133a1c
seed0008_B_baseline/config.json	781	5ea865d27d6496fe4d2eb14cd5253025b55e60761fce84df4c4b4cb1002d4d97
seed0008_B_baseline/metrics.csv	157	c453555308544bd8461c0872de9510774e0615bb78a3a0b2e04f6ad43cacec59
seed0008_B_baseline/repro_metadata.json	4027	1b72bfc7d28d4ddfe8f59294a4b5ee9e8fcf3737163ae0ad2f9c89f6fdb9a72a
seed0008_B_baseline/summary.json	346	6acf7e99f2374b485c38acbf02f9a70d1b909ca0aa5385c3a34addedcb53ae44
seed0008_B_baseline/warmup.json	257	4c9f2e4012ffc663a4306519dec9c04f2e310bab094c6487b59f3742c061373a
seed0009_A_baseline/config.json	781	75a72cd0d76d5628eed6326f784b21f85b52352e96fba8150ece84c3ea9d30b7
seed0009_A_baseline/metrics.csv	152	ebabb682674c23deb26149e68c96fc7afd568788d47ff92cc54ec29cc1d76a61
seed0009_A_baseline/repro_metadata.json	4027	2991babde914eace1d8427bd474b9dd9f9b4e3091bebe8928d060aed6a75b147
seed0009_A_baseline/summary.json	346	820834c5be84fb47fb846ff9480dff9861dfce292ed77ac9348d6f18e3c8e74d
seed0009_A_baseline/warmup.json	258	36f09b1bd7bfb897bc1ff48831706365302008d8b470a238c08e6feebc0b7ade
seed0009_B_candidate/config.json	783	4359b94661791c911d6aa7b58c617292b7457fedef10b70501bac55daa409353
seed0009_B_candidate/metrics.csv	158	316cdd5d3f5f52cc0467cc7a8377528c2b90e8c1342e83766bd67a54f1fb08ca
seed0009_B_candidate/repro_metadata.json	4140	6932832368409e0ea19b1a31209252644cc14c34ab8e5528aa494b0720215a4f
seed0009_B_candidate/summary.json	343	574911bab4f897d0978e3645873920c0e0920afaff6bba9c3c6be6c9efe59e04
seed0009_B_candidate/warmup.json	258	f582278803ecf025ab0b643dae49951663d5dd3418f51d47535e4b88cab99fc7
seed0010_A_candidate/config.json	783	7e8613fd17efc789dcd5ec9f5f0c929d2f9c3580756eb544666819026b6393a1
seed0010_A_candidate/metrics.csv	157	9ffa900514b35232f14e0c25e850a86c32a313611b487c21e213eab551b2ab01
seed0010_A_candidate/repro_metadata.json	4140	e3094f545952dd399a992383ae1dd9428a4bf6c8a5a8b56d09289f80fb940d3b
seed0010_A_candidate/summary.json	343	73001cc4f18e6f53c80bb895b5355225d0461ed53f7a460dc18e96e450e061cf
seed0010_A_candidate/warmup.json	256	4d44ed5000465b581731ead611a12f4e496aac0f0a32e9ff54745dbb3ad0758d
seed0010_B_baseline/config.json	781	e63d7cc81c0b4e2ff6e55b21abb47194d579822a7698b1a325c4325c4331537b
seed0010_B_baseline/metrics.csv	150	ecdc8d4ac6376e6a65cb308d7b40e676ae0a91e9f7eed083fac96dc3df26820a
seed0010_B_baseline/repro_metadata.json	4027	96b7db451056a3846190561062d00f7cf99d2fd22ea55d671497f8e4ef36e194
seed0010_B_baseline/summary.json	346	20cd3fa4d5c468ead182dc8f007cdd19ddb8aa17cce9a99847c958eec2d720c0
seed0010_B_baseline/warmup.json	258	3b74c2c594c7ef725b62814fb1b6f587c1ecca90fda690dab3977c1dccec22bd
seed0011_A_baseline/config.json	781	d740df100af217e240c9b0ed34ad8a1c971540d430c7412b632cebd4f52f0f32
seed0011_A_baseline/metrics.csv	154	250d76667971a98f97b500df29f75a1b6bae59b0d50c21ad6942a2ec54206834
seed0011_A_baseline/repro_metadata.json	4027	6a4f720ae448516f74104ebc1a11e30648405cc3984fa28a5d7d42b16549bd92
seed0011_A_baseline/summary.json	346	cb842c5cd5a9344317edd06f8f4814e27da6f283aa771b123a4326621c4c9216
seed0011_A_baseline/warmup.json	252	5e8ad1dc9e41426ba249ae86913057d5f21ef5aa01d79e2eeb415fa33d0d7739
seed0011_B_candidate/config.json	783	db7831c2b1de99b0616f3c0926f68321981ba613ef3b0e1979f465aa4b9ee4ee
seed0011_B_candidate/metrics.csv	156	8544d2855f48f67dbc0c8186c7b52de634185c82aa79ce1eec49d8a1e547228d
seed0011_B_candidate/repro_metadata.json	4140	447804bf06fd465c5f153fade3a6e011dee97097346cd46c505759dd860f0da8
seed0011_B_candidate/summary.json	346	829ced7294115ebc3dcf9a6d006cffd93d5676d32ebbcfc6993871e4b1eae015
seed0011_B_candidate/warmup.json	258	842c9b0c766016133c80541d84d9e3e04a9605c84423c493d49918e1c7e17ceb
seed0012_A_candidate/config.json	783	d0e0da129740f084cfda24dc651f9808a8d49df3c6219b770c655516ea0ccadd
seed0012_A_candidate/metrics.csv	158	8e22ef835fba689820a59e275e4f91e3bdfc423f5409f03055671a4e522448a6
seed0012_A_candidate/repro_metadata.json	4140	d973500ead8f541e37d0a959e6d9454b48c060895c0304a14e074b54adcd09ad
seed0012_A_candidate/summary.json	343	65e80882f9f3d62af384ffcb0c4224423ad1bf70f87fc88707b07d30eee25d37
seed0012_A_candidate/warmup.json	260	b9d97df57187dd9e5980056e4a2bf8d211a91a4f810878f15b9f4649bec25845
seed0012_B_baseline/config.json	781	29599828da87220ec731610a67db75994220e6dd1c5866ac9c3bb028c9b10fee
seed0012_B_baseline/metrics.csv	158	983ed2cac3589e5a96b2197d60e66502c53f3944e87e98f3c6d7d041d7f2e91a
seed0012_B_baseline/repro_metadata.json	4027	44873b109f84456fa185f49a9646a5a3b767bc9d4bb193f11dbed99c38bb7618
seed0012_B_baseline/summary.json	343	e80c33fe2dfbbbe23383e8b9ce3c331fbb72748ff14a1b351d111208ea08a1a5
seed0012_B_baseline/warmup.json	258	77795e6967d7e01aa3f257e649572d18f2719abfb61983e1ed248c5b3581ae8f
seed0013_A_baseline/config.json	781	ce0997d0b7689823a70697cee4d145bd9d9fa5f139db79d5701d7f291ce9a755
seed0013_A_baseline/metrics.csv	159	b562c53084f85f686a40339ae590d4894df3ecaa220aa88694f2be6dcaf9e3e1
seed0013_A_baseline/repro_metadata.json	4027	dafd9b6a111fb9f483c252bbd519aae5e8a530b56b4fb15162f52242c941035e
seed0013_A_baseline/summary.json	340	f4fb1babc6cbbda16d4911a54d26c1d1bd56a2005c1d48a47e09e8d9fd0b5b94
seed0013_A_baseline/warmup.json	256	4904fbe2abd58314a4cfe8a4057083463672ccc0c41edfb3332ff75647b1b313
seed0013_B_candidate/config.json	783	9be13864c33bf27f8d3d383b340f9d1c66b9c3538fff893a3cb7c3c4d1672811
seed0013_B_candidate/metrics.csv	156	855b62dcf256f57ca562a13b1cfe46dedf2d96ad1203f7ece4aae4f467cab96a
seed0013_B_candidate/repro_metadata.json	4140	72cff01182f189b75003d973224fa5f7bcef5ba22f04edc0534d56255624636d
seed0013_B_candidate/summary.json	340	da76c6c5c155533130b2ca9f8feb4d17c7887e6f81a1652323dd947f44ea97cb
seed0013_B_candidate/warmup.json	258	2f2d7cb9b3addbbb5715f3a3354fc845e17531249b1f14215aefae248a261e8e
seed0014_A_candidate/config.json	783	6a816bb1b8c8a676fe403480b96e9411076c9d3213d7349e976021323529e0b4
seed0014_A_candidate/metrics.csv	158	6a3f355f0ed9734de6ee29871fca8ebc49b2abcee90a2be285fbed69a7b5ba07
seed0014_A_candidate/repro_metadata.json	4140	3263d4207021e0e43e111003b1e742bf3921560703d89fcf46461569e4345d2e
seed0014_A_candidate/summary.json	343	34f98afcea310ab1ac7a4202502966df6f6f1143bf917bd63a0c308ecc26005f
seed0014_A_candidate/warmup.json	257	588fb1ef53eee9cea7921a2f42ee0eebb39f6e345f61623b5ca8beab3f1e886d
seed0014_B_baseline/config.json	781	96f8519cda71718b0a94df96881dd2a3e9c1f5e62765f78736c32fc2a5344ca8
seed0014_B_baseline/metrics.csv	159	e6e1bee408ba594f46f54970b8fee81b9c47dd86967fb3d36a687f7d4c2b0889
seed0014_B_baseline/repro_metadata.json	4027	2227fa790c026780ccd9233131f444a3dcf397d687532ee8e727cba1fc6c6f19
seed0014_B_baseline/summary.json	343	cd87eca6926202a7e3984af99c4c60074b29d3800f8f79469c6b0d7f23a30ab2
seed0014_B_baseline/warmup.json	256	e8a7a68314eb002c0dcba437add0505e5bf816aefc03ba5d557228e30430c984
seed0015_A_baseline/config.json	781	26fce41da9a0de330f64524c996c8911062d1901a2d3b51074fae1c2120dda37
seed0015_A_baseline/metrics.csv	156	97b30005a06ec46788a2c8d331d0f8e0404e58ef048ed382ad6dafee1fcb098d
seed0015_A_baseline/repro_metadata.json	4027	8d834dc19138b628f01171264381d1b80a777d9852ba93d957818402da0bfea3
seed0015_A_baseline/summary.json	343	7016d5be2be2ce4629b8d5729625dccfe026b249436ff6500bb07ecbe1b3bdd6
seed0015_A_baseline/warmup.json	255	2f21b3d54da193c1a22390e5b7474e9194c60263ed9fd5d4c5dfda48f12e173f
seed0015_B_candidate/config.json	783	07d4cf6ee83b9e62bd8a8dd0f99289e382656cb883c2a82d508c27e6cc63b2f6
seed0015_B_candidate/metrics.csv	158	30a09cdc55b88c811bf030d2316e55fad3146b40dc68c2a1f4bcfacda9f8d1ac
seed0015_B_candidate/repro_metadata.json	4140	ebcf8f718a56513565fa211a683f654d97bf1c3969ce4634a852140639cdd994
seed0015_B_candidate/summary.json	343	1b33717029887cff31921671dafa502b77ae9460781d7aa994b6ef180f02a633
seed0015_B_candidate/warmup.json	260	f92dab4e10936afa55890a395f8364028304d9dd4f4f17505d516c3fca351382
seed0016_A_candidate/config.json	783	c283e63e542b423e4cc2bc4622b2edc71378272e7c8ba53a365458ee091bcfee
seed0016_A_candidate/metrics.csv	154	faf480528f868e42cedbbdda099c7f6b9a68995005ab44537eafea6df84a2563
seed0016_A_candidate/repro_metadata.json	4140	b170c26ec145b865b2c33764c9827986309f3aa9132b4838acb7a2e7ded863ad
seed0016_A_candidate/summary.json	346	9653f16ef57991cf16bb47edca4e6ebc97da0a3cb38b6b58f0cc248846e6cfd7
seed0016_A_candidate/warmup.json	258	607c4a9313af6d919ca3920f146aa2bfae910a8b4dd556fd8ea6ba14e224d65d
seed0016_B_baseline/config.json	781	2378bcc8b6d7093ef4c6e9b069a1c66bb0d965cdcc1674a7f84cd8a9d0ff02f2
seed0016_B_baseline/metrics.csv	157	9888a89633355443fc762e433376f7a355133db9404ec9f8f4316013ab4d2b53
seed0016_B_baseline/repro_metadata.json	4027	ff6abce201a76dae3a176cf80fba6a202680fdfbc7ba5fcb916a5872d6bd2e07
seed0016_B_baseline/summary.json	346	2a5fdacf93e1c1e012b8fa0f63de11019026b71cca2a423b03f3f61727fce184
seed0016_B_baseline/warmup.json	259	0f6aefcda9421d2aa7cbbcbf64370dca44d55bdc67dbed420348605e4367e73f
seed0017_A_baseline/config.json	781	8132668037b02ea9fb27f4e5b12869c3fd4ecd49275ba495d5e043d459cdedea
seed0017_A_baseline/metrics.csv	158	3b492222da827266bed835241e5c30e0d391b45314eb168d2e4c2ffaa16f748d
seed0017_A_baseline/repro_metadata.json	4027	5670b629dd9820d55a64a9080288e551e8c68db3ec5b03b9bd30ff36dd472222
seed0017_A_baseline/summary.json	343	ccbb3c2576ebbd3505f107298d8fb8d60e604ad8ec5421298b12c5d9b803d751
seed0017_A_baseline/warmup.json	257	4b648f55448a1023cef0e9b29809fcd2409abb7fa8422528d69d96367045231a
seed0017_B_candidate/config.json	783	660b6e6b5f02097378c6cb4a7d64bce6af706db031dc48f964fe86776d09de24
seed0017_B_candidate/metrics.csv	158	6d92c37bc08a4531e70b4ff371535d5f18fd45bbb6dba66c65a04f780e199572
seed0017_B_candidate/repro_metadata.json	4140	73d531e7542faa3fce70591325061e13b1480dcec476e6462c12d83347a91458
seed0017_B_candidate/summary.json	343	ad4763eb83b2abb15690488a3a593def5a80b81fb2c2de2372f19f023f6ca7cf
seed0017_B_candidate/warmup.json	258	bb0405c37e9922c585dff4d323aa5799925cb60a43f5873b69b8b6b30eb13c69
seed0018_A_candidate/config.json	783	224c8b1be38a98014d3542eead86a98e4eba5b46fe5bcc37a1366fced35104dd
seed0018_A_candidate/metrics.csv	156	88b34eef23a0438aaf42afb4d87234449ab661d7f54a3fc1f276be9849e21a26
seed0018_A_candidate/repro_metadata.json	4140	9f3403546ce5bb4caa3a5c28050e5dd43e848517e5b7511de618cb4b354b86cc
seed0018_A_candidate/summary.json	346	d2081d82f891098efcc3114af5abef685b6dcb34e2f49b57463679bbb1ef3e2b
seed0018_A_candidate/warmup.json	260	0b2f95305f8fba4cfb23b54028a9c0e51afda69899a198ed6efe5a1db2913ec8
seed0018_B_baseline/config.json	781	a1316a0b966d6c21fda94ed2b065fe51842ff04b82ebfa085ab279267933a222
seed0018_B_baseline/metrics.csv	158	cf2ac52730ccb2b1746721f254ea7e44be61719cd5aa2f0396748b1c0babca40
seed0018_B_baseline/repro_metadata.json	4027	8487afb7b1f17df68df126624ad138ad4a6296c6b0e09f7e5b4504567fd3a8e3
seed0018_B_baseline/summary.json	346	29b582f436ff0b1a7c29145278bf887485e2a5b52adfa756d068643b89e72725
seed0018_B_baseline/warmup.json	256	9b29f43ecc75e4e80557290ebadf93f96aaaf008235357bc98e691a22a3bc963
seed0019_A_baseline/config.json	781	8f72a49f67686d181ccd0f2dbde4edd09c0ad816a5227daa6b5187253e81ce13
seed0019_A_baseline/metrics.csv	156	0c291d334192ad3ec220e1b5091f210599c51eaac98c3afe336fd3a920d1a436
seed0019_A_baseline/repro_metadata.json	4027	9bae11d14ba9921d30e57ac1cfaff0bfb48cedb3c5e7c13e136ff2139fa17f7f
seed0019_A_baseline/summary.json	343	c3a46ef05ada874ccf5bcc9368e12c6b514b0e9a458d5d45503c6bb9e5545a23
seed0019_A_baseline/warmup.json	257	fe4eb7d2406d54f0f05f0a59f95dfff4abeb54e37908cee10150f23119394256
seed0019_B_candidate/config.json	783	df3c9ad98b68a67be1cee73d165725f5416bdd57b4ead967de8c5fa785faf0c8
seed0019_B_candidate/metrics.csv	159	c9a6b12364a488b76151f60eb6945281ae207b21589a63b2ce6ed3944a686181
seed0019_B_candidate/repro_metadata.json	4140	e2774a4a229c95d85c5b1d35423aeb455281d728356fe7a9f07c02e617c9c7a5
seed0019_B_candidate/summary.json	346	74ef0043cf06596c321c8a69d8359285c33141ffd30b4d4453b4d96ef91214a6
seed0019_B_candidate/warmup.json	255	78de9fb0c824be29329e7d459e6447c641beff1c83fc1e3e4ba26bb502ec46c3
seed0020_A_candidate/config.json	783	8a9684d12b4e538193b01b0f9151a48d8b58871bc2844eebf8af4d5c07cc01d3
seed0020_A_candidate/metrics.csv	158	498c83d0238933cfcaae0bab2938d68e740761d96d2ae2e4b27df1a9354b260d
seed0020_A_candidate/repro_metadata.json	4140	476af3af432a6cf9105fce6f4782ea980592201a3f654e1eb5a3b389933c884f
seed0020_A_candidate/summary.json	340	8b14b80e4243af9c616033a50f38c265db49345bf715bad5091d3e3c5dcf917e
seed0020_A_candidate/warmup.json	258	53314838fb54cfd5b1421f0e316b8af42b7619acc0d0464dd8457f3998afcd54
seed0020_B_baseline/config.json	781	dbe2deafffb98da82dbfd70b04304f92b6c3294c8dfbe9931fc12e04f94281e7
seed0020_B_baseline/metrics.csv	159	7b5f6348dc50416d696c41f99a21d92330ea160b90d8ffb46105199896d57d81
seed0020_B_baseline/repro_metadata.json	4027	22c29c47326bd1ba1d76b2b4472a4d961ffafbaab93d22df62840ddcab99e71c
seed0020_B_baseline/summary.json	346	dff0f7b320595707b16a8ff9e69c81843d607caa918285d96f37f5c8a7d2747b
seed0020_B_baseline/warmup.json	257	615c868d6a38611ac16c66a3d102b117a6abe3aa5c8b6951ebeeddb9a61d6c54
seed0021_A_baseline/config.json	781	5dded0c7c33001077cd3c7350945138a322d15c54448c7f2c845a02148a0d4bc
seed0021_A_baseline/metrics.csv	159	035e0cd69e90e10e6d14a5d1c12021f73aa1f564e75fc1b9399fce1b8673c493
seed0021_A_baseline/repro_metadata.json	4027	be4cb3f6b40708cbb985f160b3a55d4aca856d8d50fe88b57fc27ceb45bde6ee
seed0021_A_baseline/summary.json	346	0e398c7bbb3282edbdf589747de43ba826702fcb59d65b74442755067415b612
seed0021_A_baseline/warmup.json	256	09bd8461870ab8349d76423faa1e348a49e16e1515f6ddc8b42ee7942b4b4016
seed0021_B_candidate/config.json	783	c97ce30326deba14967b4671a0d8093e45de22a093ab009ce778dd5b1adcc8e2
seed0021_B_candidate/metrics.csv	159	d124304a808e8cba206a419cbede879c2269437b53c9d424703e9ae0cad8a199
seed0021_B_candidate/repro_metadata.json	4140	118bddc1f979c4aad5284c7663cabc29997e8f9aee56459b56346fb5e8b59c86
seed0021_B_candidate/summary.json	346	ab6f56c442e7f1b6f4e2134e6f52eceeb9b4b98b6bc39724c2ca8f9b2a0cf539
seed0021_B_candidate/warmup.json	258	516cb270df019102bf8e7eae67b7716f1fb2795b0f9aa5d721bfa26671cc72b3
seed0022_A_candidate/config.json	783	a4c06bf08ab93ccdb4d0f92b344a0e56c1c81db8c6505123b2322ec895b54617
seed0022_A_candidate/metrics.csv	157	c6ab68a3a305748daf3eeec6b19a0b6dae070698208658f441e7d17ef9ec1220
seed0022_A_candidate/repro_metadata.json	4140	7f1588a0d022036b839d7a8140e6e2e46a7731c14433e137fbcaad5a82428ba4
seed0022_A_candidate/summary.json	340	182ad2e791f4c3cbc29c730b67872e3622532179f38b9ababb177afed0e41c1d
seed0022_A_candidate/warmup.json	257	d53ce39a6e0ed340533cf7fad6f14228461ea5401848d163e927f8a22e195fa3
seed0022_B_baseline/config.json	781	7d82758a2153ac6f75e009fa085685f4e79f68fa2a26491004939095d992a201
seed0022_B_baseline/metrics.csv	158	103a07add2c0908f3d565a075fde0a99be2a6420e52371a951fbbd9c05861e44
seed0022_B_baseline/repro_metadata.json	4027	123a471afef9d0a70b06b1eab2cf2fe520b5fa49073445c3f51b547fcdcb55c0
seed0022_B_baseline/summary.json	346	00e613a8fe85780063596961783f19663af82dea396cbf722c968a1e8a5da443
seed0022_B_baseline/warmup.json	255	612502e595074f9c8c260f7338940d0452ff537f0326a667c2174fe072ab9162
seed0023_A_baseline/config.json	781	72815257ef0857259a3d23d2cd569afb6b6c85e4f91f2853676dad59e8465aa9
seed0023_A_baseline/metrics.csv	158	e58afaacc934dce0021b9d3397e0ab1a3ad220f9e9e7f43fb9e6bc17c36f8479
seed0023_A_baseline/repro_metadata.json	4027	b872ed7d7237d12bc7a408bb54f9727eea5b91110f16014e0ecbb390a4b72412
seed0023_A_baseline/summary.json	346	ab898bc07a020839901c688ffdbcf3cbc394d1d458d42c1edb58b54381a4801c
seed0023_A_baseline/warmup.json	258	8bf9024e226b6fc1cc7ed5c554f4785cf80ed9b752921c6b59a9c11aaf8e6f9d
seed0023_B_candidate/config.json	783	b66bf2345ea64c252f32d650e624e42c6834774dbf7bf10adb670d27b6f12d34
seed0023_B_candidate/metrics.csv	159	22ed3bb04f042a3937c44bea9fd254924f07a04e97d7a6a2e717fac0c578745e
seed0023_B_candidate/repro_metadata.json	4140	fd78156cd723e45a0bc5fd982dc7982e64570b45531e957fe5dbbaa9aeaa5f16
seed0023_B_candidate/summary.json	346	02f1cbae1297b4a7ff9f34d40d18d9f4c2a08217a89e60fc544c062e3ee9364c
seed0023_B_candidate/warmup.json	257	cf0816826fc128587e4bf9ecb82407e28279acbfebfb3e851ed2d7661d558869
seed0024_A_candidate/config.json	783	b62c71387c782963e1a24f58631151b6f5060d095c715ac8141ad78026b017e1
seed0024_A_candidate/metrics.csv	155	447c57ff29dfc57ba0b104fc9c4fd495280c57f58a1542f75f55c5f3d0b7684e
seed0024_A_candidate/repro_metadata.json	4140	379e24cef434d0eb1b6ffb3e6de15b725dbc8fe740f0847ec01cc6a0349151df
seed0024_A_candidate/summary.json	340	2d1d9a7c2abe938b445ffc20156ffb308e8695680305cd1ba5f46d9e31a50f30
seed0024_A_candidate/warmup.json	254	1fca933455d636790a4c68fbd3b0b8fbea614535f3d21e39d630ddeb31937dfb
seed0024_B_baseline/config.json	781	fc8162ea21fb01b47017eae61c717cceb5f431b57d9fdc728f57cc34f4aeed13
seed0024_B_baseline/metrics.csv	161	6ff1aa684ffd6fefdbba0cf38e43b39917769c9149fa45b31b3cde631d046ba5
seed0024_B_baseline/repro_metadata.json	4027	c21c62b705fc3d194bdf3354ec2561da4fa9b9c973356c15cba6db362f9215a8
seed0024_B_baseline/summary.json	346	47f6cc5dd575951af4655c8574baa834a71f5875766b8890119953a3db1f9b5a
seed0024_B_baseline/warmup.json	260	c6f305eb551f13ed87bd96413ae3f6cd1bc47d2996635c40898263810ae6e7e5
seed0025_A_baseline/config.json	781	7abde69a900f4497602b9e31fa1ff61f6258bc481927f95dbb3f194c1c456288
seed0025_A_baseline/metrics.csv	156	457a4a6bfed134bbbe1deaef3da5060815566e64b105a7912a066c8e7962eef8
seed0025_A_baseline/repro_metadata.json	4027	0a73c72384573f4d02f50c46d6a2b90a80df385412bd937ae4b5d1ef4743f818
seed0025_A_baseline/summary.json	346	4eeecabed8ae69a248d6608e17d8da4e4dd1a4921f3cd7886c39c4c92c56a82a
seed0025_A_baseline/warmup.json	260	3869eefa56cdc03cb48004e33881be87150a125dfe65f7486b79b22e90f09c82
seed0025_B_candidate/config.json	783	9c3bc8179f8b41e1301272f3b171b2ec8f0416673f537c6856df7f44a7f9acbe
seed0025_B_candidate/metrics.csv	159	c2ec31a80ebdda42138aba1e0aea87caadf57ce0ce12612040e44038b291e688
seed0025_B_candidate/repro_metadata.json	4140	456a971d6c46a657d8242148e4ab541fe77d2579c9ae961e7dd937d872daed25
seed0025_B_candidate/summary.json	343	38732fb60ef9c675d33dfea2e632936c0d09646a7f09d04fcc4125e0a31d01a3
seed0025_B_candidate/warmup.json	257	6fe351ab3963a366cefbfc1e6c71c97dfcc67a2da5795749dfbb947d745cf4a4
seed0026_A_candidate/config.json	783	e6dfbf402ef3bb8596ccd9714267f9ab9beb8235e175cc9c8e2ef8ecd1b7ba02
seed0026_A_candidate/metrics.csv	159	d4a53fcd7fd2f750ff92bdde20b0e9bf392112d5aa05e48fee49301b49a7ad85
seed0026_A_candidate/repro_metadata.json	4140	8527b8ba246e5ec5a1650b8aee96d11c744eb7c0a166a7bd2e8bc7a3b5e3ca0b
seed0026_A_candidate/summary.json	346	84947c4025f7938c3b7f43dab70ce56f16cc2dfc5d5d5e081c38afa6a68933fa
seed0026_A_candidate/warmup.json	258	503dfcebbc5dba2e00e4c21589897832ecdeefb4ebb48942e78753c1ffdb86b7
seed0026_B_baseline/config.json	781	d8d2c33a46a9c0ccdbdb4383d52617d119160ce7547b326beb7c77f430920995
seed0026_B_baseline/metrics.csv	158	d3b0b2c7d4cb7b6098c513b27409d8654c7e10cf0dfe6c4d525b601f75a78133
seed0026_B_baseline/repro_metadata.json	4027	4fbe4fc519f193431cb503b72041a858358cbd3d0a4df5b1980afaff6081322d
seed0026_B_baseline/summary.json	346	555f493cd58fe94a11d057fb039feb2219dff0822e5a79e814501b0770c5dac0
seed0026_B_baseline/warmup.json	258	8fd7fe040089cb52fa1265e1bc1bb07e01cc64f14337a8e7a4418798389cbb85
seed0027_A_baseline/config.json	781	8e5293fc52e4091448909af34992bb4189e1390dd94118e2bd0045078ada2693
seed0027_A_baseline/metrics.csv	158	f9ef230b7d85651a231bcbaa4f170029dd22c73bff3643b09782d0122ce51f44
seed0027_A_baseline/repro_metadata.json	4027	d4553ae827e2d7bb709e8cd63fb272e40b47a5a10bf46076492b6835aaa7dc31
seed0027_A_baseline/summary.json	346	99b7633786d92889e633b0ff8f7d4e3fc0e596f4661718a3465132c57866eec7
seed0027_A_baseline/warmup.json	255	b3737015a3f5cad39e30165a830f1cf030ba5b88bc40fd7761edecaedbc57786
seed0027_B_candidate/config.json	783	28e202766f8f64e0c091775748ecb91189678fc70247128889d403ef114c49a6
seed0027_B_candidate/metrics.csv	158	16abd7e4d4bd41d03fa385b6fbd028ec9dc2bcae386c8a8848d25188bb824aea
seed0027_B_candidate/repro_metadata.json	4140	b8f7ae93a41ab453ba01c39b4029745c9e190c3cbffa03b4e95b6871f5321743
seed0027_B_candidate/summary.json	343	8fdb628ce64a5b9404428a40319923b60488ede31392f0bfd5649c0a8299b948
seed0027_B_candidate/warmup.json	258	c9be36cb85744b7ea40c9eedfeb119742d1a236ae07dd0c413c639152c48468c
seed0028_A_candidate/config.json	783	67013a18da2501a4a825b2dc3b94e6ece9046d04fa897507ba59e3969d6f0e77
seed0028_A_candidate/metrics.csv	158	34194ba89fcf695ed75e505f74fedc473b60cc006cb7dc4c3c9d7d352957a600
seed0028_A_candidate/repro_metadata.json	4140	915f26b3b86fd745dc5d64d17f9edda18096049176d81b78b66d922163ac7f99
seed0028_A_candidate/summary.json	346	0a9867cecada6aee5db8d8793b63e3d993e8e7201026f94912d7546d0dc96506
seed0028_A_candidate/warmup.json	257	7e2ab4d165f434efcdf10089e4a6354768cab2680426c663bf86e8a61e94b94c
seed0028_B_baseline/config.json	781	aaea9b1f190b9624dab09acc48f7db581b0fda33ba6035663e38f855d8c39c07
seed0028_B_baseline/metrics.csv	159	4defc18bd6686ce600b9ec40641a0f8f2a8270fd31eb2a1afe44c7732c631bfc
seed0028_B_baseline/repro_metadata.json	4027	49c56dff87224df2cfffcefc88f48220db0eba3aa3be02001784a0e25e5f0f33
seed0028_B_baseline/summary.json	346	74cfc39f68f15177645c902acf08091b025db88098548689fd5d89479ad28d60
seed0028_B_baseline/warmup.json	258	ebc4a8d816e8b1e5fccf67148fe016ed6b81979ac8da21485125886df0162546
seed0029_A_baseline/config.json	781	3cb8d8605aab14b95d5d0e19f232170bdceac16e2d50457130bdfe4c94cb8cb5
seed0029_A_baseline/metrics.csv	156	ece2ed602a2fa8dd4aab92d40606c3fd987ba72e4df233bd1dd2eaff738cecc8
seed0029_A_baseline/repro_metadata.json	4027	0462560778a6ec2ed864d77d7a2ebc5a4346f882c6bbd2b65a526967ff13aa6a
seed0029_A_baseline/summary.json	346	bc8e4f537ea21d94fe02a9d8c10fa47376359ea04bf4498b47db6bc7df301c58
seed0029_A_baseline/warmup.json	260	65e138ab846fca0123959bb7e3633584a2409a05135406604107a409c5285e88
seed0029_B_candidate/config.json	783	039681ee5a12888528f857be27cc21e12f1da5ac13b01e76da864b39ce624138
seed0029_B_candidate/metrics.csv	162	36b74b79dca1cc3182d041a33182fdbbf90a841522c3ab377fa1caa8aa2ec887
seed0029_B_candidate/repro_metadata.json	4140	f35c25393051737840b128047635f5b2580f1ec9159c20032c161c461ea6500f
seed0029_B_candidate/summary.json	346	750c87380ed0c9bcf5852db4293942c6d2ae50cf0fe224b18bd3eb9e710699da
seed0029_B_candidate/warmup.json	260	77214165c950991a7d580ea74ae5a83919ec241a5c3e6e2b360274c8d246e67a
seed0030_A_candidate/config.json	783	99dd23be52e1c6f2bf1644c3410ba4fa78bdc58414b5b3a9b838220a5b03f2c1
seed0030_A_candidate/metrics.csv	162	4f09596def7e93eb0af4a32e08e7c1af4ea9532892dd61a65857eae760539112
seed0030_A_candidate/repro_metadata.json	4140	35e47ba21bba2ca3dfd3b8fb392af58f81326f26587193c516eb5bdbf7798532
seed0030_A_candidate/summary.json	343	46c8e4093f61200b5628701b283640e312d3ed28813681012e79e6cf75e4ffe2
seed0030_A_candidate/warmup.json	260	47dbcdd3074342e88c6e22d1560ab71fe2a4b45b23b4a31fd3eee4e9a8598835
seed0030_B_baseline/config.json	781	ddfcc0786fbfa77a3384630e63378fe266976e8376be86ec2e47f3581ea2f7db
seed0030_B_baseline/metrics.csv	158	1dbc66abb6a696a2c0253a4c5154a5ad9b97755a0aff64a90d5308b6dba88e26
seed0030_B_baseline/repro_metadata.json	4027	05a58c6901e187157ed6f00aad87552f9c1c95f64c3e7e1ff09afee0a19ada4f
seed0030_B_baseline/summary.json	343	dc98b67370314e3cc24c93740690ce83d86304bf09fc937addd10b6905217412
seed0030_B_baseline/warmup.json	258	8cf7786b9cf7263932d2cfa3bc2afb868dd8b558b4412f6bc492f4e2469d4784
stderr.log	0	e3b0c44298fc1c149afbf4c8996fb92427ae41e4649b934ca495991b7852b855
stdout.log	71547	234bae8fead83ab9cda9eca860554d5ac014868fc06232363106bb464a449b9f
